"open_time","open","high","low","close","volume","close_time","quote_asset_volume","trades","taker_buy_base_asset_volume","taker_buyer_quote_volume","symbol"
2017-10-31 04:00:00,0.073231,0.073403,0.0698,0.069801,1240.951,2017-10-31 07:59:59,89.50300123,1010,509.556,36.76212979,"BCCBTC"
2017-10-31 08:00:00,0.069801,0.071323,0.066061,0.070234,1830.194,2017-10-31 11:59:59,126.27986684,1515,483.893,33.48451159,"BCCBTC"
2017-10-31 12:00:00,0.069409,0.071672,0.069385,0.069394,1442.28,2017-10-31 15:59:59,101.11809152,531,393.025,27.69607075,"BCCBTC"
2017-10-31 16:00:00,0.069395,0.0709,0.067065,0.067146,1273.257,2017-10-31 19:59:59,87.43632337,707,277.177,19.01832951,"BCCBTC"
2017-10-31 20:00:00,0.067147,0.070566,0.066775,0.069148,1206.349,2017-10-31 23:59:59,82.5763115,729,510.937,34.9588922,"BCCBTC"
2017-11-01 00:00:00,0.070069,0.076945,0.069271,0.074604,1479.519,2017-11-01 03:59:59,108.35671208,1205,760.661,55.66281683,"BCCBTC"
2017-11-01 04:00:00,0.074605,0.078004,0.072699,0.074801,3081.807,2017-11-01 07:59:59,231.01284076,1610,667.652,50.12712409,"BCCBTC"
2017-11-01 08:00:00,0.074802,0.079677,0.073336,0.07417,2153.696,2017-11-01 11:59:59,161.94394771,1216,606.771,46.06171919,"BCCBTC"
2017-11-01 12:00:00,0.074171,0.0755,0.073134,0.074503,2365.46,2017-11-01 15:59:59,175.24009009,834,491.519,36.58010555,"BCCBTC"
2017-11-01 16:00:00,0.074504,0.081611,0.074504,0.079997,2845.499,2017-11-01 19:59:59,219.88194786,1588,1081.665,84.49237727,"BCCBTC"
2017-11-01 20:00:00,0.079994,0.079994,0.071603,0.07555,2962.175,2017-11-01 23:59:59,224.21628293,1522,748.585,56.61627177,"BCCBTC"
2017-11-02 00:00:00,0.07555,0.078899,0.074827,0.076125,2261.595,2017-11-02 03:59:59,173.30011818,1249,777.858,59.67360304,"BCCBTC"
2017-11-02 04:00:00,0.076125,0.081999,0.075622,0.078579,3325.943,2017-11-02 07:59:59,262.53464487,2849,1893.419,149.25150007,"BCCBTC"
2017-11-02 08:00:00,0.0782,0.079455,0.075401,0.076829,3257.554,2017-11-02 11:59:59,249.44165059,1918,876.012,67.20639234,"BCCBTC"
2017-11-02 12:00:00,0.076831,0.08038,0.076501,0.079005,1771.672,2017-11-02 15:59:59,139.19415549,1336,571.431,44.88855581,"BCCBTC"
2017-11-02 16:00:00,0.079005,0.085,0.078,0.082011,2658.675,2017-11-02 19:59:59,216.39860106,2295,1008.812,82.57857411,"BCCBTC"
2017-11-02 20:00:00,0.081383,0.085,0.080371,0.084225,3174.483,2017-11-02 23:59:59,264.4686294,2410,1337.818,111.59712376,"BCCBTC"
2017-11-03 00:00:00,0.084165,0.0929,0.084165,0.0929,4343.741,2017-11-03 03:59:59,385.29012936,4112,1994.061,177.2359045,"BCCBTC"
2017-11-03 04:00:00,0.0928,0.0931,0.0873,0.088075,2942.418,2017-11-03 07:59:59,264.85552372,2993,1115.74,100.84066173,"BCCBTC"
2017-11-03 08:00:00,0.088655,0.093,0.087829,0.093,3072.267,2017-11-03 11:59:59,278.38114446,2583,1137.678,103.29246638,"BCCBTC"
2017-11-03 12:00:00,0.093,0.09432,0.09051,0.091647,2470.148,2017-11-03 15:59:59,229.90789758,1678,827.995,77.07308223,"BCCBTC"
2017-11-03 16:00:00,0.091303,0.092399,0.0854,0.087283,2102.705,2017-11-03 19:59:59,187.25474181,2058,897.894,80.03004879,"BCCBTC"
2017-11-03 20:00:00,0.0874,0.0888,0.08002,0.085703,3531.491,2017-11-03 23:59:59,299.28218517,2495,1243.091,106.00905348,"BCCBTC"
2017-11-04 00:00:00,0.085703,0.0865,0.082033,0.083698,1846.41,2017-11-04 03:59:59,155.61080485,1342,785.658,66.05856157,"BCCBTC"
2017-11-04 04:00:00,0.083029,0.087698,0.082516,0.085671,1454.838,2017-11-04 07:59:59,123.5620907,1071,790.214,67.018599,"BCCBTC"
2017-11-04 08:00:00,0.085941,0.087499,0.08353,0.085531,1848.497,2017-11-04 11:59:59,158.62745868,1227,555.149,47.58138496,"BCCBTC"
2017-11-04 12:00:00,0.085551,0.085899,0.0832,0.0845,1288.295,2017-11-04 15:59:59,109.0102322,727,228.473,19.40000953,"BCCBTC"
2017-11-04 16:00:00,0.084701,0.085051,0.0815,0.083419,1518.242,2017-11-04 19:59:59,126.05289302,1047,282.969,23.39737482,"BCCBTC"
2017-11-04 20:00:00,0.08342,0.085292,0.082,0.0844,937.197,2017-11-04 23:59:59,78.48949092,748,297.366,24.97543567,"BCCBTC"
2017-11-05 00:00:00,0.084397,0.0844,0.0818,0.082101,890.39,2017-11-05 02:59:59,73.67374174,789,313.724,25.92555023,"BCCBTC"
2017-11-05 03:00:00,0.082102,0.08212,0.078342,0.079,1734.219,2017-11-05 06:59:59,139.15569919,1472,672.699,53.79693104,"BCCBTC"
2017-11-05 07:00:00,0.079,0.079561,0.075311,0.077258,2186.884,2017-11-05 10:59:59,169.57231428,2102,798.37,61.82965976,"BCCBTC"
2017-11-05 11:00:00,0.077744,0.081293,0.076212,0.080732,1388.402,2017-11-05 14:59:59,108.06059947,1420,456.65,35.72548886,"BCCBTC"
2017-11-05 15:00:00,0.080753,0.0858,0.080753,0.085003,1377.772,2017-11-05 18:59:59,115.62284186,1191,488.226,40.91180336,"BCCBTC"
2017-11-05 19:00:00,0.085003,0.090859,0.0845,0.0868,1961.616,2017-11-05 22:59:59,170.81075083,1397,710.104,62.07144019,"BCCBTC"
2017-11-05 23:00:00,0.08631,0.08889,0.085959,0.086746,1565.912,2017-11-06 02:59:59,136.31052326,1054,524.848,45.75556092,"BCCBTC"
2017-11-06 03:00:00,0.0866,0.086746,0.084001,0.08401,1933.579,2017-11-06 06:59:59,164.31851862,1127,664.624,56.47129499,"BCCBTC"
2017-11-06 07:00:00,0.08401,0.0899,0.083316,0.087001,1554.14,2017-11-06 10:59:59,133.88523493,1492,634.601,54.69885805,"BCCBTC"
2017-11-06 11:00:00,0.087001,0.08921,0.084713,0.085747,1715.185,2017-11-06 14:59:59,148.71700614,1310,475.892,41.24046006,"BCCBTC"
2017-11-06 15:00:00,0.085747,0.086692,0.08465,0.084652,518.874,2017-11-06 18:59:59,44.39747941,476,214.889,18.42547593,"BCCBTC"
2017-11-06 19:00:00,0.0847,0.0856,0.0832,0.084373,1720.077,2017-11-06 22:59:59,145.14269572,836,482.739,40.88729662,"BCCBTC"
2017-11-06 23:00:00,0.08438,0.085299,0.083505,0.0845,1372.342,2017-11-07 02:59:59,115.8065462,853,451.205,38.13354103,"BCCBTC"
2017-11-07 03:00:00,0.084107,0.086441,0.084102,0.084629,1528.196,2017-11-07 06:59:59,130.18254598,733,620.627,52.92925641,"BCCBTC"
2017-11-07 07:00:00,0.084627,0.085556,0.0835,0.084866,1967.291,2017-11-07 10:59:59,166.44592959,1469,582.166,49.24294466,"BCCBTC"
2017-11-07 11:00:00,0.084867,0.0862,0.084865,0.08567,1817.89,2017-11-07 14:59:59,155.8162838,1114,213.141,18.1881148,"BCCBTC"
2017-11-07 15:00:00,0.085581,0.086,0.084863,0.085206,1384.408,2017-11-07 18:59:59,117.98862557,913,330.652,28.16394178,"BCCBTC"
2017-11-07 19:00:00,0.085221,0.0871,0.0849,0.085401,1297.393,2017-11-07 22:59:59,111.00478148,951,268.117,23.01263437,"BCCBTC"
2017-11-07 23:00:00,0.085406,0.087709,0.085406,0.0855,2428.829,2017-11-08 02:59:59,210.06844012,1982,455.668,39.43240125,"BCCBTC"
2017-11-08 03:00:00,0.086247,0.086247,0.085126,0.085134,1412.285,2017-11-08 06:59:59,120.60877954,1153,189.579,16.20465668,"BCCBTC"
2017-11-08 07:00:00,0.085133,0.085528,0.083801,0.0855,1198.057,2017-11-08 10:59:59,101.59122034,1301,421.483,35.75776775,"BCCBTC"
2017-11-08 11:00:00,0.0855,0.085527,0.075455,0.080002,4790.854,2017-11-08 14:59:59,381.75963593,3919,2421.983,191.81594731,"BCCBTC"
2017-11-08 15:00:00,0.080002,0.088,0.0795,0.083102,2633.693,2017-11-08 18:59:59,221.07120328,1555,906.571,75.88785137,"BCCBTC"
2017-11-08 19:00:00,0.082979,0.088,0.082703,0.085093,2314.157,2017-11-08 22:59:59,198.09568636,1366,780.206,67.3028072,"BCCBTC"
2017-11-08 23:00:00,0.085093,0.086898,0.084054,0.085586,1686.465,2017-11-09 02:59:59,143.82822852,1298,493.345,42.0878626,"BCCBTC"
2017-11-09 03:00:00,0.085701,0.088882,0.083581,0.088882,1763.8,2017-11-09 06:59:59,151.91007318,2085,749.426,64.73755492,"BCCBTC"
2017-11-09 07:00:00,0.088796,0.08889,0.086101,0.08705,1921.24,2017-11-09 10:59:59,168.13534077,1363,647.751,56.78922669,"BCCBTC"
2017-11-09 11:00:00,0.087051,0.088653,0.086326,0.087663,1100.975,2017-11-09 14:59:59,96.32518264,615,181.392,15.89398441,"BCCBTC"
2017-11-09 15:00:00,0.087663,0.09525,0.087662,0.092783,2190.022,2017-11-09 18:59:59,201.58201032,2622,1109.796,102.26282906,"BCCBTC"
2017-11-09 19:00:00,0.092783,0.1007,0.090213,0.096927,4024.748,2017-11-09 22:59:59,386.28334274,4662,1824.921,175.59963189,"BCCBTC"
2017-11-09 23:00:00,0.096927,0.109979,0.096914,0.105299,4878.242,2017-11-10 02:59:59,510.90572663,3468,1716.234,179.66710766,"BCCBTC"
2017-11-10 03:00:00,0.105215,0.132962,0.104542,0.12311,7013.01,2017-11-10 06:59:59,826.53354664,5744,3832.164,452.34969791,"BCCBTC"
2017-11-10 07:00:00,0.123113,0.129,0.113564,0.118301,6727.684,2017-11-10 10:59:59,815.29708789,6250,2215.909,269.37686513,"BCCBTC"
2017-11-10 11:00:00,0.118302,0.158,0.115001,0.156692,11616.605,2017-11-10 14:59:59,1615.65422927,10212,5900.535,830.83946116,"BCCBTC"
2017-11-10 15:00:00,0.1565,0.16105,0.125001,0.1524,14367.361,2017-11-10 18:59:59,2111.311295,12447,7193.487,1061.95122179,"BCCBTC"
2017-11-10 19:00:00,0.1524,0.153001,0.136531,0.145399,5992.938,2017-11-10 22:59:59,873.42340584,5628,2934.899,427.36500635,"BCCBTC"
2017-11-10 23:00:00,0.144,0.1485,0.134992,0.138851,4325.658,2017-11-11 02:59:59,612.85727523,4156,1697.913,240.94663085,"BCCBTC"
2017-11-11 03:00:00,0.13885,0.1733,0.138001,0.1724,6057.004,2017-11-11 06:59:59,930.75158798,6821,3308.898,511.85553426,"BCCBTC"
2017-11-11 07:00:00,0.172397,0.236221,0.166992,0.209,24519.259,2017-11-11 10:59:59,4798.93305578,21274,12703.122,2488.10977825,"BCCBTC"
2017-11-11 11:00:00,0.209,0.22876,0.187,0.208001,13626.134,2017-11-11 14:59:59,2813.40291868,12141,6051.58,1247.91904178,"BCCBTC"
2017-11-11 15:00:00,0.208001,0.225001,0.193,0.212001,12120.766,2017-11-11 18:59:59,2530.39779838,8983,3779.995,787.84501954,"BCCBTC"
2017-11-11 19:00:00,0.211103,0.297,0.210655,0.2936,18994.912,2017-11-11 22:59:59,4800.15573901,16026,9675.974,2481.75885321,"BCCBTC"
2017-11-11 23:00:00,0.2936,0.469,0.152002,0.263,27880.795,2017-11-12 02:59:59,8588.02752082,27006,14153.102,4438.94234894,"BCCBTC"
2017-11-12 03:00:00,0.262999,0.29889,0.181,0.21601,34008.097,2017-11-12 06:59:59,8094.06242065,25198,17086.82,4085.9591121,"BCCBTC"
2017-11-12 07:00:00,0.216507,0.28499,0.21,0.225,16492.259,2017-11-12 10:59:59,4060.15452292,17179,8604.758,2120.3446486,"BCCBTC"
2017-11-12 11:00:00,0.225,0.253,0.191051,0.213001,9208.687,2017-11-12 14:59:59,2067.78557924,10800,4618.166,1042.51254418,"BCCBTC"
2017-11-12 15:00:00,0.216354,0.28,0.197891,0.233067,17723.133,2017-11-12 18:59:59,4385.80367782,19794,7333.88,1812.07730936,"BCCBTC"
2017-11-12 19:00:00,0.233067,0.245,0.210999,0.215624,13596.485,2017-11-12 22:59:59,3080.45507823,12287,3519.121,799.24949453,"BCCBTC"
2017-11-12 23:00:00,0.215624,0.2188,0.1611,0.188578,18565.033,2017-11-13 02:59:59,3509.58421729,19244,7250.312,1364.84584779,"BCCBTC"
2017-11-13 03:00:00,0.189852,0.197458,0.166102,0.1701,7211.444,2017-11-13 06:59:59,1307.24187038,8562,2305.567,420.17889832,"BCCBTC"
2017-11-13 07:00:00,0.170099,0.209016,0.153301,0.179873,12444.199,2017-11-13 10:59:59,2242.89387543,16450,5102.508,929.82832539,"BCCBTC"
2017-11-13 11:00:00,0.18,0.244435,0.179019,0.2185,12229.548,2017-11-13 14:59:59,2632.51711827,18704,6393.842,1380.24347251,"BCCBTC"
2017-11-13 15:00:00,0.217962,0.232232,0.1901,0.208965,5629.747,2017-11-13 18:59:59,1180.4899905,9373,2764.862,581.50530645,"BCCBTC"
2017-11-13 19:00:00,0.208,0.208964,0.1773,0.181512,5379.467,2017-11-13 22:59:59,1012.69985757,5615,2519.737,476.10936815,"BCCBTC"
2017-11-13 23:00:00,0.181513,0.19509,0.179252,0.183902,5374.238,2017-11-14 02:59:59,1010.25678444,6645,2601.058,489.69445109,"BCCBTC"
2017-11-14 03:00:00,0.185,0.209849,0.183902,0.206999,6626.364,2017-11-14 06:59:59,1305.06461254,6907,2932.036,581.90150544,"BCCBTC"
2017-11-14 07:00:00,0.206131,0.215,0.1981,0.204899,6317.577,2017-11-14 10:59:59,1286.04245607,5177,2998.952,610.78186679,"BCCBTC"
2017-11-14 11:00:00,0.203616,0.209295,0.190639,0.194229,3923.425,2017-11-14 14:59:59,786.86757956,3419,1918.456,384.75230634,"BCCBTC"
2017-11-14 15:00:00,0.194228,0.195811,0.188531,0.19097,3768.739,2017-11-14 18:59:59,724.25589785,3184,1657.312,317.98470749,"BCCBTC"
2017-11-14 19:00:00,0.190578,0.190578,0.178814,0.182673,4828.901,2017-11-14 22:59:59,885.87267582,5007,2687.798,492.87302481,"BCCBTC"
2017-11-14 23:00:00,0.182673,0.193991,0.180836,0.185001,4977.729,2017-11-15 02:59:59,931.01748585,4683,3202.877,599.13354976,"BCCBTC"
2017-11-15 03:00:00,0.185002,0.189799,0.17689,0.177036,3240.278,2017-11-15 06:59:59,597.47460899,3632,1374.974,253.82346651,"BCCBTC"
2017-11-15 07:00:00,0.177037,0.178,0.159,0.161262,5668.526,2017-11-15 10:59:59,971.23398504,6499,3427.659,588.56507686,"BCCBTC"
2017-11-15 11:00:00,0.161262,0.173399,0.1599,0.167149,4318.893,2017-11-15 14:59:59,727.08537124,4462,2052.587,345.35919857,"BCCBTC"
2017-11-15 15:00:00,0.16698,0.168541,0.160281,0.163197,3373.817,2017-11-15 18:59:59,552.78870458,3065,1548.467,253.85790648,"BCCBTC"
2017-11-15 19:00:00,0.16421,0.167,0.151301,0.151301,3935.464,2017-11-15 22:59:59,631.13354708,4069,1863.069,297.84990603,"BCCBTC"
2017-11-15 23:00:00,0.151301,0.158,0.1417,0.144,4479.858,2017-11-16 02:59:59,671.93994168,4643,2503.945,375.32504298,"BCCBTC"
2017-11-16 03:00:00,0.144002,0.151,0.1271,0.1461,6520.054,2017-11-16 06:59:59,901.7708389,7944,3663.133,505.83267191,"BCCBTC"
2017-11-16 07:00:00,0.145101,0.146722,0.131,0.137798,5015.009,2017-11-16 10:59:59,691.80305893,4944,2516.602,347.56572618,"BCCBTC"
2017-11-16 11:00:00,0.137699,0.1425,0.127,0.132129,3413.677,2017-11-16 14:59:59,457.03843082,3132,2034.182,272.55453804,"BCCBTC"
2017-11-16 15:00:00,0.132029,0.137,0.110769,0.115001,3621.161,2017-11-16 18:59:59,444.59703148,4168,1859.961,230.75152371,"BCCBTC"
2017-11-16 19:00:00,0.115002,0.136518,0.1076,0.125008,7452.221,2017-11-16 22:59:59,898.90095923,8236,4016.318,485.54987893,"BCCBTC"
2017-11-16 23:00:00,0.125008,0.161064,0.122017,0.1598,10736.581,2017-11-17 02:59:59,1493.06098212,8703,6536.579,914.97383273,"BCCBTC"
2017-11-17 03:00:00,0.1598,0.16,0.1325,0.13784,7966.305,2017-11-17 06:59:59,1162.59984772,8233,4055.533,592.49920544,"BCCBTC"
2017-11-17 07:00:00,0.136701,0.150099,0.131343,0.1342,5609.552,2017-11-17 10:59:59,780.4876092,5300,2946.198,409.23144748,"BCCBTC"
2017-11-17 11:00:00,0.134204,0.147,0.133499,0.141507,3726.015,2017-11-17 14:59:59,523.09661908,3776,1883.206,264.9541835,"BCCBTC"
2017-11-17 15:00:00,0.141507,0.158,0.140502,0.152999,5893.081,2017-11-17 18:59:59,876.6298412,6116,3064.214,453.79108512,"BCCBTC"
2017-11-17 19:00:00,0.153,0.186786,0.152999,0.167503,12960.524,2017-11-17 22:59:59,2203.83865467,14897,6493.423,1103.43161169,"BCCBTC"
2017-11-17 23:00:00,0.167767,0.173997,0.155836,0.1625,6154.637,2017-11-18 02:59:59,1016.62176816,6295,2947.039,487.37515637,"BCCBTC"
2017-11-18 03:00:00,0.1625,0.16999,0.155998,0.16374,4883.351,2017-11-18 06:59:59,793.32956219,4632,2567.854,416.80213688,"BCCBTC"
2017-11-18 07:00:00,0.163696,0.176,0.163489,0.170001,4779.711,2017-11-18 10:59:59,815.75701301,4809,2404.549,410.27649458,"BCCBTC"
2017-11-18 11:00:00,0.16915,0.169882,0.156957,0.163741,3037.286,2017-11-18 14:59:59,496.98786879,3052,1376.928,224.96425508,"BCCBTC"
2017-11-18 15:00:00,0.164969,0.164969,0.153299,0.159784,3367.254,2017-11-18 18:59:59,537.82648904,2969,1295.687,206.26204615,"BCCBTC"
2017-11-18 19:00:00,0.159784,0.161355,0.153199,0.157201,2364.78,2017-11-18 22:59:59,371.21665206,2430,1008.64,158.23653379,"BCCBTC"
2017-11-18 23:00:00,0.157202,0.162,0.150407,0.150981,3120.328,2017-11-19 02:59:59,491.70354224,3277,1927.723,304.73943356,"BCCBTC"
2017-11-19 03:00:00,0.150981,0.152554,0.1466,0.149548,3457.709,2017-11-19 06:59:59,516.38456281,3194,1432.771,213.86053399,"BCCBTC"
2017-11-19 07:00:00,0.149998,0.158419,0.148751,0.153412,2856.471,2017-11-19 10:59:59,438.69787083,2692,1178.587,181.31895177,"BCCBTC"
2017-11-19 11:00:00,0.153481,0.153701,0.142052,0.145393,3161.508,2017-11-19 14:59:59,468.37037661,2879,1877.07,277.9456493,"BCCBTC"
2017-11-19 15:00:00,0.144284,0.151492,0.142,0.145283,2154.538,2017-11-19 18:59:59,314.84062877,1756,900.418,131.3543138,"BCCBTC"
2017-11-19 19:00:00,0.145304,0.150899,0.145261,0.15,2234.185,2017-11-19 22:59:59,330.0694284,1533,1173.711,173.92825866,"BCCBTC"
2017-11-19 23:00:00,0.15,0.153829,0.147682,0.1506,2307.732,2017-11-20 02:59:59,346.73223682,2213,997.433,149.77037932,"BCCBTC"
2017-11-20 03:00:00,0.1506,0.151162,0.147512,0.147903,2605.411,2017-11-20 06:59:59,389.28491207,1705,1155.376,172.71061914,"BCCBTC"
2017-11-20 07:00:00,0.147888,0.147903,0.142312,0.145901,2912.924,2017-11-20 10:59:59,422.68021378,2510,1562.89,227.0582397,"BCCBTC"
2017-11-20 11:00:00,0.145439,0.147,0.1432,0.145909,1940.034,2017-11-20 14:59:59,281.76448336,1448,890.255,129.13525659,"BCCBTC"
2017-11-20 15:00:00,0.145601,0.152187,0.143047,0.151787,2751.339,2017-11-20 18:59:59,401.13681894,2233,1422.268,207.67703214,"BCCBTC"
2017-11-20 19:00:00,0.151002,0.152184,0.147001,0.14937,3437.799,2017-11-20 22:59:59,512.13319251,3016,1642.988,245.0185052,"BCCBTC"
2017-11-20 23:00:00,0.148775,0.15,0.145007,0.14539,2577.501,2017-11-21 02:59:59,377.32542704,1881,1017.79,149.35456643,"BCCBTC"
2017-11-21 03:00:00,0.145393,0.145962,0.143113,0.143901,2933.377,2017-11-21 06:59:59,423.96538247,1874,1266.186,182.92647158,"BCCBTC"
2017-11-21 07:00:00,0.143901,0.14522,0.141,0.142701,3269.114,2017-11-21 10:59:59,469.13724347,2546,1663.073,239.01852429,"BCCBTC"
2017-11-21 11:00:00,0.142701,0.149,0.1427,0.147976,2571.714,2017-11-21 14:59:59,374.21046992,1973,1004.509,146.58303274,"BCCBTC"
2017-11-21 15:00:00,0.147975,0.148,0.144799,0.144799,2644.195,2017-11-21 18:59:59,386.63772026,2154,941.954,138.0215895,"BCCBTC"
2017-11-21 19:00:00,0.144803,0.145499,0.143553,0.1442,2209.003,2017-11-21 22:59:59,319.32616746,1405,833.356,120.47532601,"BCCBTC"
2017-11-21 23:00:00,0.143901,0.146936,0.143512,0.143901,2792.803,2017-11-22 02:59:59,405.48366179,2229,1397.452,203.00254566,"BCCBTC"
2017-11-22 03:00:00,0.143901,0.144423,0.1415,0.142503,2928.729,2017-11-22 06:59:59,419.1908918,2247,1758.328,251.99270811,"BCCBTC"
2017-11-22 07:00:00,0.142768,0.169,0.142005,0.156793,9231.028,2017-11-22 10:59:59,1435.92576114,10015,4634.157,718.91459733,"BCCBTC"
2017-11-22 11:00:00,0.1565,0.167,0.152001,0.1604,4726.93,2017-11-22 14:59:59,747.11394657,4112,2336.258,369.15334721,"BCCBTC"
2017-11-22 15:00:00,0.160399,0.163398,0.154506,0.157437,3794.496,2017-11-22 18:59:59,605.35181009,2956,2015.957,321.51734374,"BCCBTC"
2017-11-22 19:00:00,0.157437,0.1838,0.15592,0.174,6808.96,2017-11-22 22:59:59,1150.28656589,6538,3271.842,551.01125894,"BCCBTC"
2017-11-22 23:00:00,0.174003,0.191999,0.170301,0.19,9077.399,2017-11-23 02:59:59,1632.07679851,8787,4723.289,852.62356053,"BCCBTC"
2017-11-23 03:00:00,0.190879,0.19751,0.181,0.18399,10621.379,2017-11-23 06:59:59,2026.18528471,10300,6270.077,1199.2050043,"BCCBTC"
2017-11-23 07:00:00,0.183989,0.189734,0.178,0.182145,6630.87,2017-11-23 10:59:59,1206.58522798,5593,2853.035,519.551186,"BCCBTC"
2017-11-23 11:00:00,0.182145,0.194,0.181602,0.193096,4834.46,2017-11-23 14:59:59,912.00140195,4622,2512.57,473.1951426,"BCCBTC"
2017-11-23 15:00:00,0.193096,0.20889,0.187204,0.208443,6068.559,2017-11-23 18:59:59,1182.68095415,5752,2856.892,556.76716844,"BCCBTC"
2017-11-23 19:00:00,0.208641,0.223238,0.200016,0.201698,11472.011,2017-11-23 22:59:59,2411.56828191,13263,5440.35,1144.50411025,"BCCBTC"
2017-11-23 23:00:00,0.201697,0.209484,0.189852,0.189852,5530.948,2017-11-24 02:59:59,1109.79128811,6609,2550.101,512.09214122,"BCCBTC"
2017-11-24 03:00:00,0.189856,0.215,0.181355,0.197312,8773.63,2017-11-24 06:59:59,1748.53607083,10484,4384.016,871.29015776,"BCCBTC"
2017-11-24 07:00:00,0.197883,0.2078,0.196546,0.201601,4307.428,2017-11-24 10:59:59,862.14171405,3983,1750.129,350.50244918,"BCCBTC"
2017-11-24 11:00:00,0.2016,0.21,0.20103,0.208599,5052.78,2017-11-24 14:59:59,1035.58642655,4247,2639.482,541.23004607,"BCCBTC"
2017-11-24 15:00:00,0.208599,0.208893,0.1951,0.19708,4490.547,2017-11-24 18:59:59,904.6370643,4575,2214.346,446.40278458,"BCCBTC"
2017-11-24 19:00:00,0.19708,0.198622,0.178684,0.192406,5183.574,2017-11-24 22:59:59,989.71122856,6882,2571.175,492.02748107,"BCCBTC"
2017-11-24 23:00:00,0.192407,0.198199,0.186,0.189101,4966.577,2017-11-25 02:59:59,955.84054422,4064,1913.18,369.44261575,"BCCBTC"
2017-11-25 03:00:00,0.189103,0.193038,0.181849,0.189413,4104.369,2017-11-25 06:59:59,768.85901381,4142,1935.841,363.26181717,"BCCBTC"
2017-11-25 07:00:00,0.189413,0.189413,0.18274,0.185345,3754.059,2017-11-25 10:59:59,696.15027539,3484,1655.338,307.28739879,"BCCBTC"
2017-11-25 11:00:00,0.185342,0.18888,0.181498,0.186664,3926.911,2017-11-25 14:59:59,724.14491562,3783,2067.233,381.7189067,"BCCBTC"
2017-11-25 15:00:00,0.186664,0.186885,0.17561,0.176216,2479.282,2017-11-25 18:59:59,447.63133553,3696,1252.768,226.63032286,"BCCBTC"
2017-11-25 19:00:00,0.176216,0.180999,0.172,0.175598,3873.882,2017-11-25 22:59:59,680.53372011,3892,1697.185,298.2969283,"BCCBTC"
2017-11-25 23:00:00,0.174759,0.180299,0.1725,0.1786,3446.218,2017-11-26 02:59:59,604.6923664,2942,1802.857,316.43669503,"BCCBTC"
2017-11-26 03:00:00,0.178324,0.179999,0.174408,0.175544,3821.869,2017-11-26 06:59:59,676.46395066,3266,1395.548,247.66646854,"BCCBTC"
2017-11-26 07:00:00,0.175544,0.18,0.173403,0.174472,3764.05,2017-11-26 10:59:59,661.59536096,2574,1936.794,340.62922272,"BCCBTC"
2017-11-26 11:00:00,0.1743,0.1895,0.166,0.178352,5097.624,2017-11-26 14:59:59,887.36907249,5455,2966.042,514.57440445,"BCCBTC"
2017-11-26 15:00:00,0.178028,0.19,0.174422,0.185018,5779.094,2017-11-26 18:59:59,1056.56211756,6450,3020.296,552.79298479,"BCCBTC"
2017-11-26 19:00:00,0.184801,0.185663,0.17262,0.177502,5349.028,2017-11-26 22:59:59,948.86910961,6068,2693.202,477.78497025,"BCCBTC"
2017-11-26 23:00:00,0.177502,0.177502,0.1706,0.171666,3876.567,2017-11-27 02:59:59,677.4032839,2991,2081.523,364.09329301,"BCCBTC"
2017-11-27 03:00:00,0.170636,0.177999,0.1678,0.169996,3820.893,2017-11-27 06:59:59,651.91421163,4081,2115.445,361.05286759,"BCCBTC"
2017-11-27 07:00:00,0.169995,0.173,0.168,0.168001,2987.843,2017-11-27 10:59:59,506.311232,2678,1154.455,195.80472196,"BCCBTC"
2017-11-27 11:00:00,0.168001,0.172678,0.167333,0.168497,3463.305,2017-11-27 14:59:59,584.09978133,2692,1615.206,272.6728141,"BCCBTC"
2017-11-27 15:00:00,0.168301,0.168703,0.16303,0.163042,2900.404,2017-11-27 18:59:59,484.05102645,2473,1436.574,239.93305875,"BCCBTC"
2017-11-27 19:00:00,0.163042,0.165,0.159886,0.162343,3057.927,2017-11-27 22:59:59,496.57204955,3140,1424.409,231.32738274,"BCCBTC"
2017-11-27 23:00:00,0.162345,0.162496,0.158184,0.159632,3289.169,2017-11-28 02:59:59,527.25825541,2869,2048.287,328.38194584,"BCCBTC"
2017-11-28 03:00:00,0.159632,0.15968,0.1545,0.154952,3762.177,2017-11-28 06:59:59,593.57258663,2943,2166.26,341.90086989,"BCCBTC"
2017-11-28 07:00:00,0.154951,0.160163,0.150567,0.154767,5918.097,2017-11-28 10:59:59,920.63910142,6369,2952.826,459.88528172,"BCCBTC"
2017-11-28 11:00:00,0.153861,0.154987,0.1511,0.154394,3550.398,2017-11-28 14:59:59,542.76444218,2632,2281.424,348.92828908,"BCCBTC"
2017-11-28 15:00:00,0.154392,0.155999,0.148395,0.149483,3679.464,2017-11-28 18:59:59,561.26852447,2917,1646.621,249.59450929,"BCCBTC"
2017-11-28 19:00:00,0.149483,0.14999,0.136464,0.143,4953.558,2017-11-28 22:59:59,718.44092091,6594,3063.205,445.86754939,"BCCBTC"
2017-11-28 23:00:00,0.143,0.160543,0.133844,0.147,9029.396,2017-11-29 02:59:59,1325.51578439,11511,4451.807,654.71342761,"BCCBTC"
2017-11-29 03:00:00,0.146797,0.151984,0.139401,0.141575,4662.146,2017-11-29 06:59:59,671.639033,5091,2216.311,319.35380694,"BCCBTC"
2017-11-29 07:00:00,0.141403,0.149799,0.138792,0.143446,5498.988,2017-11-29 10:59:59,790.1433738,6678,3249.348,467.00047894,"BCCBTC"
2017-11-29 11:00:00,0.143508,0.165483,0.1411,0.14766,8958.712,2017-11-29 14:59:59,1347.02148997,10295,4619.095,692.37685259,"BCCBTC"
2017-11-29 15:00:00,0.147655,0.148999,0.135101,0.137786,6296.77,2017-11-29 18:59:59,878.86743624,8045,3452.873,481.83270188,"BCCBTC"
2017-11-29 19:00:00,0.137787,0.1407,0.13221,0.135701,5635.961,2017-11-29 22:59:59,769.85162351,4624,3221.417,441.10426021,"BCCBTC"
2017-11-29 23:00:00,0.135711,0.136096,0.131686,0.134576,5495.905,2017-11-30 02:59:59,732.82226966,4347,3344.501,445.8215838,"BCCBTC"
2017-11-30 03:00:00,0.134556,0.14,0.133,0.137326,6502.813,2017-11-30 06:59:59,877.92662533,3707,4132.496,557.22076739,"BCCBTC"
2017-11-30 07:00:00,0.137068,0.137666,0.13,0.130789,4288.363,2017-11-30 10:59:59,573.71651179,5335,2135.194,286.23098383,"BCCBTC"
2017-11-30 11:00:00,0.130785,0.133417,0.129,0.130816,3462.032,2017-11-30 14:59:59,453.72452188,3966,1809.062,237.01450253,"BCCBTC"
2017-11-30 15:00:00,0.130815,0.136498,0.13052,0.13329,3877.796,2017-11-30 18:59:59,514.4072616,3579,2612.33,346.46304021,"BCCBTC"
2017-11-30 19:00:00,0.133279,0.13432,0.131,0.132379,3903.914,2017-11-30 22:59:59,515.29209377,2738,2751.227,363.22624293,"BCCBTC"
2017-11-30 23:00:00,0.132002,0.1335,0.131507,0.131793,4109.869,2017-12-01 02:59:59,543.68774339,2462,2108.65,279.00754833,"BCCBTC"
2017-12-01 03:00:00,0.131793,0.1365,0.130401,0.13579,4444.28,2017-12-01 06:59:59,587.79398629,3464,2888.731,381.75966774,"BCCBTC"
2017-12-01 07:00:00,0.135989,0.139489,0.129001,0.132637,5129.316,2017-12-01 10:59:59,681.53182079,4445,3243.556,431.1848653,"BCCBTC"
2017-12-01 11:00:00,0.132637,0.13845,0.131,0.132106,5626.637,2017-12-01 14:59:59,750.0411218,3202,2688.747,358.48267591,"BCCBTC"
2017-12-01 15:00:00,0.132106,0.13333,0.131,0.132165,5292.263,2017-12-01 18:59:59,698.36856237,2688,3348.25,442.0163076,"BCCBTC"
2017-12-01 19:00:00,0.131859,0.132699,0.1298,0.131985,3956.031,2017-12-01 22:59:59,519.11832417,2818,2356.26,309.41680651,"BCCBTC"
2017-12-01 23:00:00,0.131985,0.133,0.13,0.130973,4877.146,2017-12-02 02:59:59,638.20888271,2429,1999.667,261.89068237,"BCCBTC"
2017-12-02 03:00:00,0.130861,0.131388,0.127004,0.128524,3564.74,2017-12-02 06:59:59,460.91268868,2159,2190.294,283.17843547,"BCCBTC"
2017-12-02 07:00:00,0.12869,0.129686,0.127001,0.12938,4377.552,2017-12-02 10:59:59,562.02557989,2430,2639.985,338.90256804,"BCCBTC"
2017-12-02 11:00:00,0.12918,0.130298,0.128662,0.129104,2755.191,2017-12-02 14:59:59,356.99087688,1606,1191.085,154.4065052,"BCCBTC"
2017-12-02 15:00:00,0.129103,0.129627,0.127504,0.127516,2699.125,2017-12-02 18:59:59,347.26510976,1568,1221.703,157.17086352,"BCCBTC"
2017-12-02 19:00:00,0.127516,0.128286,0.127003,0.128273,2875.038,2017-12-02 22:59:59,366.53688805,1937,1793.727,228.75463472,"BCCBTC"
2017-12-02 23:00:00,0.127872,0.144805,0.127812,0.138576,6318.001,2017-12-03 02:59:59,874.13046526,6257,3630.628,501.29802314,"BCCBTC"
2017-12-03 03:00:00,0.138349,0.143999,0.134,0.134855,5778.996,2017-12-03 06:59:59,805.49503448,4040,3498.403,488.32157213,"BCCBTC"
2017-12-03 07:00:00,0.134799,0.139,0.133264,0.133797,5520.958,2017-12-03 10:59:59,750.02665569,3688,3040.755,413.02040264,"BCCBTC"
2017-12-03 11:00:00,0.133857,0.138885,0.13357,0.13705,3984.599,2017-12-03 14:59:59,539.76893323,2600,1499.462,203.35571683,"BCCBTC"
2017-12-03 15:00:00,0.13705,0.1398,0.1343,0.134999,4016.885,2017-12-03 18:59:59,549.73375979,3066,2100.998,287.51999219,"BCCBTC"
2017-12-03 19:00:00,0.134475,0.136612,0.132002,0.133917,4499.038,2017-12-03 22:59:59,601.69263802,2871,2440.039,326.56143812,"BCCBTC"
2017-12-03 23:00:00,0.134089,0.134984,0.1325,0.133498,2508.96,2017-12-04 02:59:59,334.45693895,1839,1685.599,224.74184223,"BCCBTC"
2017-12-04 03:00:00,0.133498,0.134239,0.132506,0.132749,1780.397,2017-12-04 06:59:59,237.18840606,1800,1271.241,169.44478039,"BCCBTC"
2017-12-04 07:00:00,0.132748,0.13367,0.130452,0.131506,3119.303,2017-12-04 10:59:59,411.46360365,2863,2129,280.90813277,"BCCBTC"
2017-12-04 11:00:00,0.131669,0.134755,0.131001,0.133096,4719.781,2017-12-04 14:59:59,625.9224357,3340,2034.531,269.88397867,"BCCBTC"
2017-12-04 15:00:00,0.133097,0.133704,0.131102,0.133062,3972.219,2017-12-04 18:59:59,524.55020413,2753,1976.366,261.06617041,"BCCBTC"
2017-12-04 19:00:00,0.133182,0.13333,0.129626,0.129753,4317.63,2017-12-04 22:59:59,565.75871242,3162,2505.075,328.47272229,"BCCBTC"
2017-12-04 23:00:00,0.129739,0.136954,0.129001,0.129857,4512.193,2017-12-05 02:59:59,586.82919482,3274,2842.991,369.82041225,"BCCBTC"
2017-12-05 03:00:00,0.129879,0.135408,0.1295,0.129793,4808.891,2017-12-05 06:59:59,634.91681323,4368,2514.383,331.84950215,"BCCBTC"
2017-12-05 07:00:00,0.12979,0.130694,0.125116,0.125201,4913.065,2017-12-05 10:59:59,625.49505116,3798,2865.491,364.72647177,"BCCBTC"
2017-12-05 11:00:00,0.125201,0.1283,0.125145,0.126198,3956.758,2017-12-05 14:59:59,499.44994808,2971,2049.762,258.8841646,"BCCBTC"
2017-12-05 15:00:00,0.126198,0.126569,0.121001,0.122021,4235.554,2017-12-05 18:59:59,526.51506729,3598,2291.639,284.86963158,"BCCBTC"
2017-12-05 19:00:00,0.122015,0.122021,0.114999,0.117177,3851.297,2017-12-05 22:59:59,458.05775195,4141,2550.265,303.01273894,"BCCBTC"
2017-12-05 23:00:00,0.1163,0.118907,0.111112,0.112579,3562.651,2017-12-06 02:59:59,408.43328303,3518,2308.025,264.63320099,"BCCBTC"
2017-12-06 03:00:00,0.112667,0.116679,0.107231,0.112394,4404.259,2017-12-06 06:59:59,496.42837673,4083,2450.87,275.80725305,"BCCBTC"
2017-12-06 07:00:00,0.112397,0.114728,0.109004,0.113801,3943.396,2017-12-06 10:59:59,439.18476685,3358,2043.666,227.57241999,"BCCBTC"
2017-12-06 11:00:00,0.1138,0.119479,0.106,0.106037,3698.208,2017-12-06 14:59:59,415.78069568,3687,2088.033,234.26055667,"BCCBTC"
2017-12-06 15:00:00,0.106994,0.107542,0.095001,0.099003,3570.245,2017-12-06 18:59:59,360.60345522,3754,1862.443,188.33255068,"BCCBTC"
2017-12-06 19:00:00,0.099448,0.102924,0.048,0.095826,5951.003,2017-12-06 22:59:59,563.07952633,5433,3512.515,335.31921509,"BCCBTC"
2017-12-06 23:00:00,0.096966,0.097142,0.09018,0.090996,2823.68,2017-12-07 02:59:59,265.68494042,2997,1742.144,164.19022476,"BCCBTC"
2017-12-07 03:00:00,0.090581,0.09333,0.08354,0.091873,3614.786,2017-12-07 06:59:59,316.52847179,3936,1790.56,157.28903053,"BCCBTC"
2017-12-07 07:00:00,0.09235,0.09289,0.079029,0.079641,3834.46,2017-12-07 10:59:59,327.30390199,3969,1773.592,151.581876,"BCCBTC"
2017-12-07 11:00:00,0.079643,0.085989,0.079,0.0838,3642.869,2017-12-07 14:59:59,296.43983179,3956,2001.151,163.01572795,"BCCBTC"
2017-12-07 15:00:00,0.0836,0.0836,0.07001,0.073574,2808.245,2017-12-07 18:59:59,220.38062259,3871,1323.877,104.90397453,"BCCBTC"
2017-12-07 19:00:00,0.073579,0.1,0.06682,0.081998,8566.939,2017-12-07 22:59:59,707.86281031,11062,3888.399,323.58739162,"BCCBTC"
2017-12-07 23:00:00,0.081284,0.125,0.0795,0.089034,22109.05,2017-12-08 02:59:59,2157.05296035,29891,10418.498,1014.43537806,"BCCBTC"
2017-12-08 03:00:00,0.089032,0.0999,0.087409,0.096555,9535.411,2017-12-08 06:59:59,901.41266189,11312,4917.155,464.96813295,"BCCBTC"
2017-12-08 07:00:00,0.096555,0.097092,0.084158,0.091106,7911.74,2017-12-08 10:59:59,720.85664984,8348,4166.984,379.50532607,"BCCBTC"
2017-12-08 11:00:00,0.091106,0.095409,0.088002,0.0917,5644.706,2017-12-08 14:59:59,519.57724899,5492,2986.261,274.1273811,"BCCBTC"
2017-12-08 15:00:00,0.091381,0.094434,0.085409,0.087105,6526.895,2017-12-08 18:59:59,583.81063606,6385,2598.888,232.91615563,"BCCBTC"
2017-12-08 19:00:00,0.087101,0.09593,0.0853,0.093001,6499.01,2017-12-08 22:59:59,583.02981017,4945,2555.708,230.89159967,"BCCBTC"
2017-12-08 23:00:00,0.093001,0.093792,0.0815,0.092052,6316.508,2017-12-09 02:59:59,583.03920041,4281,2677.274,247.91081334,"BCCBTC"
2017-12-09 03:00:00,0.092008,0.099025,0.092008,0.095496,4438.814,2017-12-09 06:59:59,421.7832179,4121,1954.099,185.61687673,"BCCBTC"
2017-12-09 07:00:00,0.095499,0.099154,0.093831,0.098683,4946.489,2017-12-09 10:59:59,476.01589504,3436,1934.4,186.19806344,"BCCBTC"
2017-12-09 11:00:00,0.098889,0.102,0.0937,0.094056,5528.268,2017-12-09 14:59:59,537.9410406,5004,2401.918,234.04789288,"BCCBTC"
2017-12-09 15:00:00,0.0945,0.09583,0.092409,0.093387,3598.388,2017-12-09 18:59:59,336.45771448,2761,1217.583,113.88404077,"BCCBTC"
2017-12-09 19:00:00,0.093012,0.096345,0.092109,0.094901,4112.733,2017-12-09 22:59:59,387.12378861,3808,1869.457,176.11579548,"BCCBTC"
2017-12-09 23:00:00,0.094902,0.095456,0.0918,0.093059,4152.199,2017-12-10 02:59:59,387.35908539,3727,1788.817,166.94276144,"BCCBTC"
2017-12-10 03:00:00,0.09306,0.09448,0.0925,0.093201,4001.977,2017-12-10 06:59:59,373.43807782,2526,1545.212,144.22538796,"BCCBTC"
2017-12-10 07:00:00,0.093201,0.093747,0.085049,0.085082,3377.569,2017-12-10 10:59:59,300.41006132,3430,1508.592,134.26593695,"BCCBTC"
2017-12-10 11:00:00,0.085668,0.08684,0.0836,0.084463,3396.111,2017-12-10 14:59:59,290.9183884,2300,1133.658,97.16565282,"BCCBTC"
2017-12-10 15:00:00,0.084335,0.087834,0.08,0.085929,3247.998,2017-12-10 18:59:59,275.60160199,2953,1459.49,124.1412967,"BCCBTC"
2017-12-10 19:00:00,0.085929,0.092477,0.082361,0.082989,3073.186,2017-12-10 22:59:59,265.35215334,2993,1276.597,110.26760956,"BCCBTC"
2017-12-10 23:00:00,0.083608,0.085025,0.0826,0.082764,3132.541,2017-12-11 02:59:59,262.10197926,2646,1347.446,112.75819924,"BCCBTC"
2017-12-11 03:00:00,0.082766,0.085798,0.082502,0.083736,3931.328,2017-12-11 06:59:59,329.00236151,3673,1545.228,129.43464174,"BCCBTC"
2017-12-11 07:00:00,0.083407,0.083962,0.082361,0.083099,4159.664,2017-12-11 10:59:59,345.69723991,2686,1636.203,136.08637413,"BCCBTC"
2017-12-11 11:00:00,0.083003,0.0875,0.082517,0.082517,4281.841,2017-12-11 14:59:59,364.24242317,3521,1504.52,127.75663125,"BCCBTC"
2017-12-11 15:00:00,0.082791,0.08559,0.08,0.084057,4290.171,2017-12-11 18:59:59,351.29849371,2961,1792.939,147.03685706,"BCCBTC"
2017-12-11 19:00:00,0.084201,0.08895,0.08373,0.08689,5409.822,2017-12-11 22:59:59,464.16895266,4938,2410.704,206.96275657,"BCCBTC"
2017-12-11 23:00:00,0.086891,0.092,0.08613,0.086528,5045.001,2017-12-12 02:59:59,446.23921922,4274,2201.406,194.51760724,"BCCBTC"
2017-12-12 03:00:00,0.086528,0.088949,0.082452,0.088399,5182.474,2017-12-12 06:59:59,446.2809789,4602,2228.488,191.30268475,"BCCBTC"
2017-12-12 07:00:00,0.088399,0.0982,0.088,0.092766,7707.658,2017-12-12 10:59:59,710.73035995,10227,3424.445,315.21666492,"BCCBTC"
2017-12-12 11:00:00,0.092763,0.094123,0.089694,0.09058,4815.673,2017-12-12 14:59:59,439.82067051,4558,1626.022,148.71220753,"BCCBTC"
2017-12-12 15:00:00,0.09058,0.095934,0.090009,0.094593,2083.889,2017-12-12 18:59:59,195.02959903,3136,815.196,76.40771255,"BCCBTC"
2017-12-12 19:00:00,0.094208,0.0975,0.091043,0.092608,2531.853,2017-12-12 22:59:59,237.7620007,4202,1101.55,103.57084885,"BCCBTC"
2017-12-12 23:00:00,0.092699,0.093827,0.091009,0.091494,1644.775,2017-12-13 02:59:59,151.52671005,2705,785.248,72.41583733,"BCCBTC"
2017-12-13 03:00:00,0.091494,0.095411,0.091174,0.093147,1994.76,2017-12-13 06:59:59,185.94088607,3533,892.664,83.10672762,"BCCBTC"
2017-12-13 07:00:00,0.093147,0.1,0.0924,0.1,2829.801,2017-12-13 10:59:59,271.02069174,4893,1421.896,136.31775847,"BCCBTC"
2017-12-13 11:00:00,0.1,0.104,0.095727,0.0974,3228.174,2017-12-13 14:59:59,318.95694895,5603,1448.668,143.11995599,"BCCBTC"
2017-12-13 15:00:00,0.09733,0.099045,0.095099,0.097536,1791.975,2017-12-13 18:59:59,173.16562387,2857,977.564,94.46397287,"BCCBTC"
2017-12-13 19:00:00,0.097536,0.102309,0.096104,0.101894,2373.556,2017-12-13 22:59:59,234.7693015,3683,1047.285,103.1519218,"BCCBTC"
2017-12-13 23:00:00,0.101894,0.1297,0.101102,0.1181,13892.28,2017-12-14 02:59:59,1642.94555915,17303,6351.849,752.94134438,"BCCBTC"
2017-12-14 03:00:00,0.1181,0.12,0.102002,0.119774,8658.922,2017-12-14 06:59:59,974.27282163,12123,4269.16,481.03950985,"BCCBTC"
2017-12-14 07:00:00,0.119774,0.120147,0.1076,0.109002,5090.216,2017-12-14 10:59:59,570.4046608,8220,2152.282,240.97955461,"BCCBTC"
2017-12-14 11:00:00,0.109002,0.117,0.1076,0.113671,3339.932,2017-12-14 14:59:59,372.23461751,5412,1510.748,168.05751076,"BCCBTC"
2017-12-14 15:00:00,0.113255,0.121998,0.11005,0.118438,2661.143,2017-12-14 18:59:59,306.865146,6469,1207.261,139.64452279,"BCCBTC"
2017-12-14 19:00:00,0.118438,0.120001,0.092,0.100588,7801.581,2017-12-14 22:59:59,804.10717563,9873,3745.844,379.74060123,"BCCBTC"
2017-12-14 23:00:00,0.100498,0.104244,0.095845,0.101204,2957.7,2017-12-15 02:59:59,298.44584437,4386,1526.132,153.86985636,"BCCBTC"
2017-12-15 03:00:00,0.101959,0.101959,0.091205,0.09306,3059.242,2017-12-15 06:59:59,292.18921163,4715,1520.085,145.5377956,"BCCBTC"
2017-12-15 07:00:00,0.093052,0.1,0.092018,0.099158,2209.377,2017-12-15 10:59:59,213.44858288,3295,1145.281,110.74130972,"BCCBTC"
2017-12-15 11:00:00,0.098529,0.099498,0.094001,0.096968,1746.725,2017-12-15 14:59:59,171.26227047,2648,1107.99,108.82555338,"BCCBTC"
2017-12-15 15:00:00,0.097215,0.107218,0.096425,0.102659,2576.245,2017-12-15 18:59:59,264.11285118,3424,1257.087,128.2342201,"BCCBTC"
2017-12-15 19:00:00,0.1025,0.10842,0.097123,0.107102,2044.626,2017-12-15 22:59:59,210.79855177,3526,976.47,100.77448569,"BCCBTC"
2017-12-15 23:00:00,0.10711,0.107396,0.09801,0.099421,1959.888,2017-12-16 02:59:59,200.11209275,3458,760.764,77.22443355,"BCCBTC"
2017-12-16 03:00:00,0.099986,0.102444,0.099093,0.099447,1133.959,2017-12-16 06:59:59,113.67847375,2250,612.116,61.39110642,"BCCBTC"
2017-12-16 07:00:00,0.099456,0.100391,0.091797,0.092849,2204.082,2017-12-16 10:59:59,212.29914464,3833,1126.672,108.59522742,"BCCBTC"
2017-12-16 11:00:00,0.092503,0.09699,0.09095,0.090999,1528.695,2017-12-16 14:59:59,143.83395488,3030,724.23,68.06979784,"BCCBTC"
2017-12-16 15:00:00,0.09095,0.093451,0.09032,0.09165,1585.189,2017-12-16 18:59:59,145.62879715,2592,810.418,74.37344759,"BCCBTC"
2017-12-16 19:00:00,0.091999,0.097002,0.091655,0.093572,2122.54,2017-12-16 22:59:59,200.6097828,3505,1053.025,99.47460205,"BCCBTC"
2017-12-16 23:00:00,0.093566,0.096276,0.091421,0.092379,1800.308,2017-12-17 02:59:59,168.84616381,2912,750.172,70.32696594,"BCCBTC"
2017-12-17 03:00:00,0.092379,0.09947,0.092354,0.093105,2925.844,2017-12-17 06:59:59,279.20600678,4143,1323.129,126.30795367,"BCCBTC"
2017-12-17 07:00:00,0.093105,0.09635,0.09272,0.095,2039.345,2017-12-17 10:59:59,191.96295524,3230,926.319,87.26996013,"BCCBTC"
2017-12-17 11:00:00,0.09478,0.09849,0.094228,0.096975,1430.759,2017-12-17 14:59:59,137.47716283,2676,805.719,77.4056887,"BCCBTC"
2017-12-17 15:00:00,0.096792,0.098,0.094781,0.096838,2126.018,2017-12-17 18:59:59,205.31393048,4042,1000.756,96.72013627,"BCCBTC"
2017-12-17 19:00:00,0.096839,0.09898,0.094998,0.096904,3147.437,2017-12-17 22:59:59,305.54950602,5988,1329.948,129.38240119,"BCCBTC"
2017-12-17 23:00:00,0.097088,0.098,0.095501,0.097655,2103.615,2017-12-18 02:59:59,202.85059449,3100,974.382,94.00059768,"BCCBTC"
2017-12-18 03:00:00,0.097266,0.1,0.095855,0.098102,2617.886,2017-12-18 06:59:59,256.7049952,4600,1283.368,125.9917274,"BCCBTC"
2017-12-18 07:00:00,0.0983,0.118899,0.0977,0.117299,14419.829,2017-12-18 10:59:59,1600.71635993,17831,6690.938,742.80712717,"BCCBTC"
2017-12-18 11:00:00,0.117299,0.126004,0.111,0.115178,12417.962,2017-12-18 14:59:59,1489.19905247,16653,5996.992,719.26084604,"BCCBTC"
2017-12-18 15:00:00,0.115178,0.1249,0.111007,0.11349,5008.885,2017-12-18 18:59:59,573.78952626,8672,2948.273,338.35840678,"BCCBTC"
2017-12-18 19:00:00,0.113401,0.1178,0.110539,0.111688,3865.754,2017-12-18 22:59:59,441.53033827,6322,1759.596,201.08629163,"BCCBTC"
2017-12-18 23:00:00,0.111688,0.1249,0.110841,0.12245,5258.168,2017-12-19 02:59:59,619.28078268,8385,2848.669,335.75847798,"BCCBTC"
2017-12-19 03:00:00,0.1225,0.133428,0.115,0.12273,9637.886,2017-12-19 06:59:59,1205.12513705,15053,4064.521,508.80845074,"BCCBTC"
2017-12-19 07:00:00,0.12273,0.130874,0.122278,0.128856,5124.709,2017-12-19 10:59:59,655.08720141,8747,2239.471,286.4094148,"BCCBTC"
2017-12-19 11:00:00,0.128532,0.14567,0.126085,0.14567,5630.581,2017-12-19 14:59:59,760.34766115,13445,2678.288,361.04183937,"BCCBTC"
2017-12-19 15:00:00,0.145669,0.178,0.138957,0.154354,24540.232,2017-12-19 18:59:59,3952.84500313,39507,10876.049,1756.14366878,"BCCBTC"
2017-12-19 19:00:00,0.154896,0.348,0.154353,0.194996,83915.401,2017-12-19 22:59:59,18539.76217518,143260,42062.048,9353.57670037,"BCCBTC"
2017-12-19 23:00:00,0.194996,0.225123,0.181767,0.205,39555.905,2017-12-20 02:59:59,8014.221856,58586,18605.496,3781.62385033,"BCCBTC"
2017-12-20 03:00:00,0.205,0.205963,0.175017,0.18953,19675.726,2017-12-20 06:59:59,3767.76507404,32655,7920.178,1512.35335836,"BCCBTC"
2017-12-20 07:00:00,0.189523,0.229998,0.175017,0.225901,28841.31,2017-12-20 10:59:59,5944.96725656,49295,14455.328,2992.42216421,"BCCBTC"
2017-12-20 11:00:00,0.225906,0.2625,0.206,0.208999,44804.657,2017-12-20 14:59:59,10550.03326082,77087,22489.703,5314.63324076,"BCCBTC"
2017-12-20 15:00:00,0.208001,0.247956,0.196005,0.225025,26998.218,2017-12-20 18:59:59,6076.3983582,53715,13787.192,3119.8824341,"BCCBTC"
2017-12-20 19:00:00,0.225026,0.225496,0.201498,0.201506,11112.5,2017-12-20 22:59:59,2369.31722549,27758,5841.011,1247.44177876,"BCCBTC"
2017-12-20 23:00:00,0.202022,0.210002,0.19,0.192001,9382.436,2017-12-21 02:59:59,1879.78507957,21224,5023.934,1009.01520735,"BCCBTC"
2017-12-21 03:00:00,0.192001,0.219995,0.189,0.21145,8468.231,2017-12-21 06:59:59,1753.17290702,20255,4655.826,963.00378678,"BCCBTC"
2017-12-21 07:00:00,0.21145,0.212976,0.1881,0.188209,9278.122,2017-12-21 10:59:59,1859.1784514,23634,4115.909,829.128461,"BCCBTC"
2017-12-21 11:00:00,0.188209,0.201797,0.188112,0.196502,7696.469,2017-12-21 14:59:59,1511.59500194,21816,3771.159,741.63764635,"BCCBTC"
2017-12-21 15:00:00,0.196568,0.207998,0.193998,0.195641,5214.111,2017-12-21 18:59:59,1046.05092918,16812,2914.17,585.10075247,"BCCBTC"
2017-12-21 19:00:00,0.195974,0.200799,0.170004,0.173492,9262.2,2017-12-21 22:59:59,1726.78561732,25929,4093.473,767.24822379,"BCCBTC"
2017-12-21 23:00:00,0.173492,0.182001,0.162001,0.16997,9327.202,2017-12-22 02:59:59,1628.15998311,21007,4230.915,739.59627499,"BCCBTC"
2017-12-22 03:00:00,0.170383,0.183333,0.169001,0.176214,4645.298,2017-12-22 06:59:59,821.0563387,13077,2379.724,421.11371114,"BCCBTC"
2017-12-22 07:00:00,0.176422,0.183,0.1602,0.175033,6666.749,2017-12-22 10:59:59,1124.15402105,18304,3072.106,519.63967573,"BCCBTC"
2017-12-22 11:00:00,0.175033,0.198,0.172186,0.193927,6308.852,2017-12-22 14:59:59,1182.18902455,20913,3471.946,651.34849328,"BCCBTC"
2017-12-22 15:00:00,0.193927,0.203,0.180525,0.186573,4660.274,2017-12-22 18:59:59,894.26906553,16271,2392.618,460.50062122,"BCCBTC"
2017-12-22 19:00:00,0.186562,0.19599,0.18072,0.191511,3291.308,2017-12-22 22:59:59,621.24894532,10321,1734.949,327.95734033,"BCCBTC"
2017-12-22 23:00:00,0.19152,0.1935,0.185502,0.19152,3094.347,2017-12-23 02:59:59,587.56127505,9090,1297.432,246.33826473,"BCCBTC"
2017-12-23 03:00:00,0.191519,0.195,0.1911,0.193286,2337.178,2017-12-23 06:59:59,450.46773264,7551,1224.431,236.14326589,"BCCBTC"
2017-12-23 07:00:00,0.193286,0.214888,0.193203,0.205595,9356.149,2017-12-23 10:59:59,1937.81978917,28146,4989.97,1034.28263432,"BCCBTC"
2017-12-23 11:00:00,0.205593,0.213999,0.205084,0.209236,3291.514,2017-12-23 14:59:59,688.60088664,10052,1680.879,351.94017143,"BCCBTC"
2017-12-23 15:00:00,0.209168,0.210924,0.204129,0.205781,2491.079,2017-12-23 18:59:59,519.28396746,8610,1238.848,258.28472963,"BCCBTC"
2017-12-23 19:00:00,0.205778,0.207257,0.1936,0.201668,5436.172,2017-12-23 22:59:59,1096.13118662,13830,2423.177,488.79665708,"BCCBTC"
2017-12-23 23:00:00,0.201678,0.209,0.197501,0.204004,5775.936,2017-12-24 02:59:59,1171.89731548,8507,2865.31,581.51055406,"BCCBTC"
2017-12-24 03:00:00,0.204004,0.2085,0.197015,0.20297,2596.878,2017-12-24 06:59:59,527.96695591,8534,1200.373,244.22759223,"BCCBTC"
2017-12-24 07:00:00,0.203367,0.207997,0.199494,0.203001,2161.232,2017-12-24 10:59:59,440.7229362,8040,1093.997,223.50497443,"BCCBTC"
2017-12-24 11:00:00,0.202899,0.2067,0.201952,0.204008,1454.11,2017-12-24 14:59:59,296.90425335,4849,690.091,140.88259332,"BCCBTC"
2017-12-24 15:00:00,0.20425,0.20675,0.203028,0.205036,904.052,2017-12-24 18:59:59,185.10250887,3363,407.067,83.3889257,"BCCBTC"
2017-12-24 19:00:00,0.205036,0.206352,0.200983,0.202513,3475.365,2017-12-24 22:59:59,705.9209475,4753,1784.847,362.39118532,"BCCBTC"
2017-12-24 23:00:00,0.202518,0.204899,0.200599,0.201325,9208.959,2017-12-25 02:59:59,1861.73448476,6499,5312.141,1073.46474975,"BCCBTC"
2017-12-25 03:00:00,0.201694,0.2052,0.199,0.201958,9386.986,2017-12-25 06:59:59,1900.96296999,7080,5279.064,1068.06472445,"BCCBTC"
2017-12-25 07:00:00,0.201959,0.2029,0.199011,0.201104,10175.208,2017-12-25 10:59:59,2047.57475283,7562,4819.769,969.7707845,"BCCBTC"
2017-12-25 11:00:00,0.201495,0.2015,0.198012,0.199,9265.121,2017-12-25 14:59:59,1849.40582582,6413,3935.503,785.92939043,"BCCBTC"
2017-12-25 15:00:00,0.199,0.202,0.19288,0.1985,8008.936,2017-12-25 18:59:59,1601.1153477,7325,2989.345,598.80630795,"BCCBTC"
2017-12-25 19:00:00,0.1985,0.1999,0.193505,0.194555,1592.604,2017-12-25 22:59:59,314.06813418,4654,959.193,189.06379197,"BCCBTC"
2017-12-25 23:00:00,0.194969,0.194969,0.1846,0.18654,7516.311,2017-12-26 02:59:59,1413.08876368,9371,3958.644,744.44958167,"BCCBTC"
2017-12-26 03:00:00,0.186699,0.18979,0.18629,0.1879,7593.43,2017-12-26 06:59:59,1424.17090181,5798,2864.506,537.37366986,"BCCBTC"
2017-12-26 07:00:00,0.1879,0.188733,0.17341,0.179025,8348.429,2017-12-26 10:59:59,1523.56515673,9315,3971.051,722.13674028,"BCCBTC"
2017-12-26 11:00:00,0.179025,0.1799,0.175007,0.175679,8450.182,2017-12-26 14:59:59,1497.16617583,7290,3677.703,651.72820684,"BCCBTC"
2017-12-26 15:00:00,0.17568,0.188171,0.173436,0.1859,7885.886,2017-12-26 18:59:59,1402.22007732,9726,3870.481,690.02857185,"BCCBTC"
2017-12-26 19:00:00,0.186283,0.187499,0.177931,0.180627,10801.41,2017-12-26 22:59:59,1961.5316326,6457,6384.508,1159.70490216,"BCCBTC"
2017-12-26 23:00:00,0.180641,0.181109,0.173608,0.17818,8242.978,2017-12-27 02:59:59,1456.04650178,7634,4062.462,717.77554275,"BCCBTC"
2017-12-27 03:00:00,0.178485,0.182798,0.176932,0.180141,9742.703,2017-12-27 06:59:59,1745.47827262,7565,5514.535,987.33975358,"BCCBTC"
2017-12-27 07:00:00,0.180125,0.181101,0.177229,0.178,9613.57,2017-12-27 10:59:59,1718.02313844,8424,5004.11,894.28757136,"BCCBTC"
2017-12-27 11:00:00,0.178,0.179,0.175,0.176451,10232.3,2017-12-27 14:59:59,1809.39234708,8225,4843.5,856.24022593,"BCCBTC"
2017-12-27 15:00:00,0.176491,0.176491,0.173511,0.175172,3399.498,2017-12-27 18:59:59,595.87798942,6417,2059.515,361.14501002,"BCCBTC"
2017-12-27 19:00:00,0.175777,0.17699,0.1701,0.176011,7897.794,2017-12-27 22:59:59,1378.18353873,10219,4335.491,757.20070824,"BCCBTC"
2017-12-27 23:00:00,0.176014,0.176501,0.173067,0.1749,9220.538,2017-12-28 02:59:59,1615.54495776,8462,5377.867,942.62546653,"BCCBTC"
2017-12-28 03:00:00,0.174425,0.175,0.1701,0.172445,9473.338,2017-12-28 06:59:59,1639.72629048,7253,4672.534,808.81343164,"BCCBTC"
2017-12-28 07:00:00,0.172445,0.1749,0.170501,0.172596,11650.237,2017-12-28 10:59:59,2009.90119765,8276,7116.737,1228.27048457,"BCCBTC"
2017-12-28 11:00:00,0.172448,0.176639,0.1712,0.172471,10924.114,2017-12-28 14:59:59,1886.58277861,10550,5705.922,985.8946796,"BCCBTC"
2017-12-28 15:00:00,0.172272,0.179,0.17202,0.1727,8032.903,2017-12-28 18:59:59,1400.56750048,10351,4098.592,714.49462076,"BCCBTC"
2017-12-28 19:00:00,0.1727,0.1744,0.1715,0.172277,10201.336,2017-12-28 22:59:59,1762.22726589,8564,5133.116,887.31976724,"BCCBTC"
2017-12-28 23:00:00,0.172276,0.172898,0.17,0.170516,10835.025,2017-12-29 02:59:59,1854.33127124,9575,6070.228,1039.3927248,"BCCBTC"
2017-12-29 03:00:00,0.170516,0.1768,0.164638,0.168433,9907.733,2017-12-29 06:59:59,1667.20972845,12450,4648.283,782.29754232,"BCCBTC"
2017-12-29 07:00:00,0.1689,0.19933,0.166238,0.197905,13230.424,2017-12-29 10:59:59,2294.38412473,16829,6295.156,1102.13655794,"BCCBTC"
2017-12-29 11:00:00,0.197905,0.197998,0.177648,0.183195,13074.362,2017-12-29 14:59:59,2420.73647778,20709,6656.31,1229.92373101,"BCCBTC"
2017-12-29 15:00:00,0.183199,0.191682,0.17781,0.181436,9538.721,2017-12-29 18:59:59,1733.77605828,12528,4532.238,824.70358389,"BCCBTC"
2017-12-29 19:00:00,0.181438,0.186,0.175,0.179705,10853.945,2017-12-29 22:59:59,1938.80880502,14356,4969.335,886.47921916,"BCCBTC"
2017-12-29 23:00:00,0.17913,0.179986,0.1724,0.176432,11811.963,2017-12-30 02:59:59,2085.50500983,9118,4672.623,824.39752639,"BCCBTC"
2017-12-30 03:00:00,0.176084,0.179999,0.171122,0.177604,8710.041,2017-12-30 06:59:59,1549.25065685,12013,5294.319,941.72705013,"BCCBTC"
2017-12-30 07:00:00,0.177604,0.178789,0.1741,0.176184,4418.743,2017-12-30 10:59:59,781.34952748,9469,2343.947,414.6059866,"BCCBTC"
2017-12-30 11:00:00,0.176184,0.176749,0.173,0.174894,1965.289,2017-12-30 14:59:59,344.6073982,6922,918.417,161.21889648,"BCCBTC"
2017-12-30 15:00:00,0.17436,0.177999,0.174011,0.176188,1421.807,2017-12-30 18:59:59,249.45474735,6033,833.661,146.28575614,"BCCBTC"
2017-12-30 19:00:00,0.176188,0.185,0.173,0.177087,4888.748,2017-12-30 22:59:59,876.19982035,13951,2883.609,517.03898946,"BCCBTC"
2017-12-30 23:00:00,0.177087,0.178461,0.1741,0.175282,9249.856,2017-12-31 02:59:59,1633.32429824,7570,3902.606,689.46024486,"BCCBTC"
2017-12-31 03:00:00,0.175411,0.17743,0.17313,0.176039,9277.154,2017-12-31 06:59:59,1632.93189708,6752,4702.08,828.1288697,"BCCBTC"
2017-12-31 07:00:00,0.176368,0.18099,0.173775,0.180408,8214.774,2017-12-31 10:59:59,1447.53464347,10427,5130.672,904.1209704,"BCCBTC"
2017-12-31 11:00:00,0.180403,0.1805,0.172,0.172482,9573.154,2017-12-31 14:59:59,1665.08546743,8554,6010.95,1045.51628191,"BCCBTC"
2017-12-31 15:00:00,0.17248,0.172499,0.170515,0.171204,8346.721,2017-12-31 18:59:59,1432.59469453,6403,4047.051,694.70533835,"BCCBTC"
2017-12-31 19:00:00,0.171204,0.173899,0.171,0.172473,8397.975,2017-12-31 22:59:59,1447.64789458,6828,3987.825,687.6403117,"BCCBTC"
2017-12-31 23:00:00,0.172473,0.179291,0.17222,0.17409,9274.779,2018-01-01 02:59:59,1609.81514938,8295,4594.495,797.83717253,"BCCBTC"
2018-01-01 03:00:00,0.1742,0.175638,0.173013,0.174816,10363.647,2018-01-01 06:59:59,1809.97068706,6758,5326.334,930.53444917,"BCCBTC"
2018-01-01 07:00:00,0.174998,0.175508,0.173887,0.174618,9677.583,2018-01-01 10:59:59,1691.74319928,7398,5295.258,925.79426055,"BCCBTC"
2018-01-01 11:00:00,0.1747,0.175258,0.173041,0.173393,10337.542,2018-01-01 14:59:59,1801.44712903,7114,4712.166,821.32538368,"BCCBTC"
2018-01-01 15:00:00,0.173391,0.1743,0.17,0.172294,8627.802,2018-01-01 18:59:59,1493.89659021,8390,4992.139,864.93872917,"BCCBTC"
2018-01-01 19:00:00,0.172003,0.179375,0.171,0.177014,10788.989,2018-01-01 22:59:59,1884.94831914,14339,6449.192,1128.04883502,"BCCBTC"
2018-01-01 23:00:00,0.177458,0.179447,0.174481,0.174872,11090.827,2018-01-02 02:59:59,1956.03586979,8041,5665.503,998.68250419,"BCCBTC"
2018-01-02 03:00:00,0.174872,0.177246,0.1735,0.176301,10065.058,2018-01-02 06:59:59,1768.6412045,7831,4275.15,751.49827486,"BCCBTC"
2018-01-02 07:00:00,0.176321,0.185673,0.176173,0.181798,10494.407,2018-01-02 10:59:59,1892.96634614,17476,5688.09,1025.96125945,"BCCBTC"
2018-01-02 11:00:00,0.181997,0.197947,0.167499,0.175,13337.009,2018-01-02 14:59:59,2450.57176815,23032,7007.483,1289.92833557,"BCCBTC"
2018-01-02 15:00:00,0.175,0.175909,0.170404,0.1725,10123.688,2018-01-02 18:59:59,1753.49658353,9500,5747.419,996.36386687,"BCCBTC"
2018-01-02 19:00:00,0.1725,0.17484,0.168,0.172083,10390.915,2018-01-02 22:59:59,1783.81018914,10154,5019.098,861.3631888,"BCCBTC"
2018-01-02 23:00:00,0.172083,0.185117,0.1678,0.17479,10976.896,2018-01-03 02:59:59,1949.62254367,14092,5051.734,898.54305477,"BCCBTC"
2018-01-03 03:00:00,0.17479,0.177769,0.171266,0.173711,10775.76,2018-01-03 06:59:59,1875.41317743,10377,4545.916,791.89422381,"BCCBTC"
2018-01-03 07:00:00,0.173993,0.1758,0.171271,0.17197,9876.759,2018-01-03 10:59:59,1715.93818253,10955,4823.679,838.25692244,"BCCBTC"
2018-01-03 11:00:00,0.171949,0.174299,0.170705,0.172284,10455.863,2018-01-03 14:59:59,1797.94532913,11146,5649.65,972.00542271,"BCCBTC"
2018-01-03 15:00:00,0.172285,0.172333,0.168,0.1685,11023.621,2018-01-03 18:59:59,1873.88839806,11014,5694.458,967.98301766,"BCCBTC"
2018-01-03 19:00:00,0.168501,0.169021,0.15851,0.160786,8752.349,2018-01-03 22:00:14,1430.83413261,10812,3768.041,615.23711203,"BCCBTC"
2018-01-03 23:00:00,0.160798,0.16399,0.160505,0.16224,10526.035,2018-01-04 02:59:59,1706.43597603,11157,5655.654,917.24743398,"BCCBTC"
2018-01-04 03:00:00,0.162303,0.164225,0.161297,0.163001,13372.158,2018-01-04 06:59:59,2173.86790575,13132,6245.531,1015.66766397,"BCCBTC"
2018-01-04 07:00:00,0.163001,0.167115,0.162,0.1635,15383.846,2018-01-04 10:59:59,2516.96675502,16212,6909.724,1130.25741229,"BCCBTC"
2018-01-04 11:00:00,0.1635,0.165223,0.160001,0.160005,15513.894,2018-01-04 14:59:59,2528.45814324,14089,8258.481,1346.98329505,"BCCBTC"
2018-01-04 15:00:00,0.160229,0.160861,0.154079,0.154315,12443.475,2018-01-04 18:59:59,1957.31068624,13357,6500.081,1023.39973535,"BCCBTC"
2018-01-04 19:00:00,0.154884,0.16,0.151,0.15755,13033.007,2018-01-04 22:59:59,2024.00431499,12614,6184.667,962.03704384,"BCCBTC"
2018-01-04 23:00:00,0.157401,0.15799,0.15411,0.154801,13389.13,2018-01-05 02:59:59,2080.69837323,10828,6888.251,1071.1460233,"BCCBTC"
2018-01-05 03:00:00,0.155,0.155479,0.145,0.147608,12708.023,2018-01-05 06:59:59,1910.9316646,16860,6803.391,1022.40568291,"BCCBTC"
2018-01-05 07:00:00,0.147608,0.1575,0.147154,0.1505,10937.336,2018-01-05 10:59:59,1646.10278701,12707,5946.973,895.23366489,"BCCBTC"
2018-01-05 11:00:00,0.1505,0.151113,0.14,0.14197,11011.527,2018-01-05 14:59:59,1593.31852567,15883,6303.806,911.07457584,"BCCBTC"
2018-01-05 15:00:00,0.14197,0.143974,0.1382,0.140879,10095.727,2018-01-05 18:59:59,1425.21905559,9576,6134.948,866.39429761,"BCCBTC"
2018-01-05 19:00:00,0.140609,0.142835,0.1347,0.139987,12653.378,2018-01-05 22:59:59,1763.43914901,12642,5743.068,801.50625956,"BCCBTC"
2018-01-05 23:00:00,0.139987,0.146369,0.139537,0.146102,7323.618,2018-01-06 02:59:59,1045.4299721,9916,2808.726,400.95434461,"BCCBTC"
2018-01-06 03:00:00,0.146102,0.1485,0.144183,0.148349,14097.905,2018-01-06 06:59:59,2060.1501359,11922,6819.11,996.81997765,"BCCBTC"
2018-01-06 07:00:00,0.148107,0.162137,0.148107,0.154741,13934.983,2018-01-06 10:59:59,2159.79186249,21344,6639.73,1030.3418501,"BCCBTC"
2018-01-06 11:00:00,0.154741,0.15978,0.1498,0.151202,13273.891,2018-01-06 14:59:59,2022.89407318,12553,6072.266,927.54435151,"BCCBTC"
2018-01-06 15:00:00,0.1512,0.151747,0.143,0.146003,12133.024,2018-01-06 18:59:59,1802.08701375,9529,6782.644,1008.07691177,"BCCBTC"
2018-01-06 19:00:00,0.148219,0.151742,0.146343,0.150308,11691.588,2018-01-06 22:59:59,1755.73118999,9169,6482.29,974.27121025,"BCCBTC"
2018-01-06 23:00:00,0.150308,0.166999,0.148539,0.158995,12034.422,2018-01-07 02:59:59,1895.06339332,19880,6341.891,994.93248597,"BCCBTC"
2018-01-07 03:00:00,0.158743,0.1651,0.157391,0.160903,12006.015,2018-01-07 06:59:59,1931.25111665,11612,5930.871,952.62699316,"BCCBTC"
2018-01-07 07:00:00,0.160918,0.16287,0.156,0.157611,9505.169,2018-01-07 10:59:59,1512.89884237,10360,4427.839,705.95180399,"BCCBTC"
2018-01-07 11:00:00,0.157611,0.161,0.156,0.15764,2640.971,2018-01-07 14:59:59,419.07833506,10903,1590.641,252.61899441,"BCCBTC"
2018-01-07 15:00:00,0.157633,0.158555,0.155,0.155967,1648.445,2018-01-07 18:59:59,258.11821452,5251,713.292,111.74969189,"BCCBTC"
2018-01-07 19:00:00,0.155701,0.1597,0.154,0.158256,8516.893,2018-01-07 22:59:59,1331.14977528,9927,4034.454,630.95993603,"BCCBTC"
2018-01-07 23:00:00,0.158255,0.16035,0.154999,0.157301,11610.292,2018-01-08 02:59:59,1833.51631408,10653,6998.614,1105.52982853,"BCCBTC"
2018-01-08 03:00:00,0.1573,0.16019,0.155,0.1583,14612.736,2018-01-08 06:59:59,2312.50136775,12771,6655.449,1054.22508034,"BCCBTC"
2018-01-08 07:00:00,0.158301,0.1651,0.1565,0.1577,14721.64,2018-01-08 10:59:59,2352.47164128,19606,6525.432,1043.23857608,"BCCBTC"
2018-01-08 11:00:00,0.1577,0.159799,0.1565,0.159,12664.017,2018-01-08 14:59:59,2005.03457676,10283,5975.407,946.0286963,"BCCBTC"
2018-01-08 15:00:00,0.159032,0.167515,0.158791,0.159845,8952.928,2018-01-08 18:59:59,1441.56090336,10408,4661.747,751.3721604,"BCCBTC"
2018-01-08 19:00:00,0.159844,0.160675,0.156542,0.157999,10498.052,2018-01-08 22:59:59,1661.94832172,7879,4326.681,684.66512465,"BCCBTC"
2018-01-08 23:00:00,0.158196,0.161291,0.157386,0.158345,9701.52,2018-01-09 02:59:59,1541.16023653,8395,4399.9,700.1614606,"BCCBTC"
2018-01-09 03:00:00,0.158352,0.164905,0.158272,0.161573,9657.114,2018-01-09 06:59:59,1560.1295982,11419,4687.906,758.71985486,"BCCBTC"
2018-01-09 07:00:00,0.161852,0.165232,0.161,0.164871,11052.811,2018-01-09 10:59:59,1798.15274462,9883,5791.959,942.97139416,"BCCBTC"
2018-01-09 11:00:00,0.164936,0.16569,0.161,0.162404,9529.943,2018-01-09 14:59:59,1551.46368658,10346,5296.469,862.84701143,"BCCBTC"
2018-01-09 15:00:00,0.162404,0.16479,0.161798,0.164,9367.957,2018-01-09 18:59:59,1528.20410857,9509,5617.057,916.70365423,"BCCBTC"
2018-01-09 19:00:00,0.164,0.167445,0.163446,0.1662,5877.667,2018-01-09 22:59:59,977.49799593,11064,3286.071,546.53784374,"BCCBTC"
2018-01-09 23:00:00,0.166199,0.1825,0.16537,0.17214,14174.749,2018-01-10 02:59:59,2479.42483277,29015,7275.857,1271.99023098,"BCCBTC"
2018-01-10 03:00:00,0.17214,0.1799,0.169106,0.176752,11173.048,2018-01-10 06:59:59,1923.03271657,18192,5695.289,980.39650435,"BCCBTC"
2018-01-10 07:00:00,0.176752,0.197472,0.174885,0.184212,16923.042,2018-01-10 10:59:59,3141.98649611,31959,9029.267,1675.02875932,"BCCBTC"
2018-01-10 11:00:00,0.183512,0.191,0.179892,0.18925,13651.693,2018-01-10 14:59:59,2526.66238942,21909,6437.563,1189.75314936,"BCCBTC"
2018-01-10 15:00:00,0.18925,0.207489,0.185393,0.192504,16815.885,2018-01-10 18:59:59,3299.8863458,34847,7962.257,1566.17307301,"BCCBTC"
2018-01-10 19:00:00,0.192998,0.208279,0.181595,0.183714,8600.353,2018-01-10 22:59:59,1636.06011306,24178,4112.385,782.66416123,"BCCBTC"
2018-01-10 23:00:00,0.183581,0.189054,0.181071,0.187001,10554.41,2018-01-11 02:59:59,1946.20063183,21205,5728.226,1056.31746039,"BCCBTC"
2018-01-11 03:00:00,0.187003,0.187782,0.181,0.182004,10207.991,2018-01-11 06:59:59,1877.64726168,14120,5169.931,951.02596518,"BCCBTC"
2018-01-11 07:00:00,0.181518,0.195999,0.181181,0.185409,12615.129,2018-01-11 10:59:59,2365.40125228,26387,6795.98,1273.35410821,"BCCBTC"
2018-01-11 11:00:00,0.18565,0.19187,0.182927,0.185002,10185.113,2018-01-11 14:59:59,1900.33587569,15652,5201.576,969.96610782,"BCCBTC"
2018-01-11 15:00:00,0.185009,0.188394,0.181,0.183931,6825.615,2018-01-11 18:59:59,1266.42150192,10920,3779.175,701.46686233,"BCCBTC"
2018-01-11 19:00:00,0.183931,0.186432,0.18232,0.183308,5111.771,2018-01-11 22:59:59,941.50523872,8764,2303.268,424.07819975,"BCCBTC"
2018-01-11 23:00:00,0.183308,0.1885,0.183,0.1845,4180.703,2018-01-12 02:59:59,773.22719432,9718,2047.735,378.72553466,"BCCBTC"
2018-01-12 03:00:00,0.1845,0.184925,0.182151,0.1824,2268.273,2018-01-12 06:59:59,415.84936127,7886,993.325,182.1946752,"BCCBTC"
2018-01-12 07:00:00,0.182324,0.19047,0.182,0.188488,3371.096,2018-01-12 10:59:59,626.78187528,12041,1540.32,286.62580371,"BCCBTC"
2018-01-12 11:00:00,0.188488,0.1897,0.18497,0.186179,2792.085,2018-01-12 14:59:59,522.47516669,8911,1420.387,265.61811284,"BCCBTC"
2018-01-12 15:00:00,0.18617,0.194,0.1855,0.188499,3004.507,2018-01-12 18:59:59,567.61563326,12148,1385.469,261.6904423,"BCCBTC"
2018-01-12 19:00:00,0.188499,0.188508,0.181999,0.18299,3072,2018-01-12 22:59:59,565.64545816,10752,1437.742,264.74561073,"BCCBTC"
2018-01-12 23:00:00,0.18299,0.18693,0.181293,0.183997,3220.595,2018-01-13 02:59:59,592.56169686,9385,1543.797,284.11100187,"BCCBTC"
2018-01-13 03:00:00,0.183828,0.186997,0.180726,0.184103,3567.066,2018-01-13 06:59:59,653.97352162,10920,1949.213,357.32055841,"BCCBTC"
2018-01-13 07:00:00,0.184104,0.197789,0.183239,0.19196,8474.213,2018-01-13 10:59:59,1618.00998406,29137,4428.122,844.18657733,"BCCBTC"
2018-01-13 11:00:00,0.191951,0.19417,0.188,0.190252,2628.092,2018-01-13 14:59:59,501.77778862,9795,1021.534,195.01451502,"BCCBTC"
2018-01-13 15:00:00,0.190395,0.190395,0.185738,0.1876,1537.31,2018-01-13 18:59:59,288.80948086,6222,776.632,146.0043305,"BCCBTC"
2018-01-13 19:00:00,0.1876,0.191193,0.185749,0.188204,2638.418,2018-01-13 22:59:59,498.20501017,9527,1246.82,235.19852895,"BCCBTC"
2018-01-13 23:00:00,0.188203,0.189168,0.185737,0.1885,1926.028,2018-01-14 02:59:59,361.25697229,7571,1161.731,218.04717397,"BCCBTC"
2018-01-14 03:00:00,0.188182,0.19199,0.1865,0.188136,2503.127,2018-01-14 06:59:59,472.03592284,7782,1569.252,296.1144456,"BCCBTC"
2018-01-14 07:00:00,0.188136,0.191,0.1867,0.188184,2794.669,2018-01-14 10:59:59,526.38071876,7443,1356.207,255.5468053,"BCCBTC"
2018-01-14 11:00:00,0.188184,0.188783,0.185212,0.18675,1677.257,2018-01-14 14:59:59,313.88719539,4603,724.087,135.62666419,"BCCBTC"
2018-01-14 15:00:00,0.186749,0.187931,0.184,0.184743,1827.328,2018-01-14 18:59:59,339.26931542,5623,1105.068,205.20157525,"BCCBTC"
2018-01-14 19:00:00,0.184743,0.185379,0.1831,0.1838,1519.128,2018-01-14 22:59:59,279.82112836,4639,815.933,150.42561874,"BCCBTC"
2018-01-14 23:00:00,0.1838,0.1845,0.1821,0.182987,1396.586,2018-01-15 02:59:59,256.49163025,3909,767.421,141.04831362,"BCCBTC"
2018-01-15 03:00:00,0.182769,0.1838,0.107103,0.167479,18399.169,2018-01-15 06:59:59,3104.77076067,33183,5009.111,868.73157811,"BCCBTC"
2018-01-15 07:00:00,0.167479,0.175681,0.131,0.173103,12147.351,2018-01-15 10:59:59,2001.22810099,20881,4804.495,811.67152019,"BCCBTC"
2018-01-15 11:00:00,0.173103,0.17694,0.172304,0.175187,2177.913,2018-01-15 14:59:59,381.00902596,5958,1097.558,192.0298451,"BCCBTC"
2018-01-15 15:00:00,0.174853,0.17895,0.17467,0.17562,1889.372,2018-01-15 18:59:59,333.59163947,6058,919.813,162.30666691,"BCCBTC"
2018-01-15 19:00:00,0.17579,0.179,0.167469,0.177008,3618.332,2018-01-15 22:59:59,627.78944181,11792,1761.537,305.99201055,"BCCBTC"
2018-01-15 23:00:00,0.177008,0.177034,0.168204,0.168403,2040.872,2018-01-16 02:59:59,353.20307258,7417,1158.048,200.5187935,"BCCBTC"
2018-01-16 03:00:00,0.168406,0.171998,0.16,0.16564,7332.675,2018-01-16 06:59:59,1199.72138454,20749,3580.325,586.08843979,"BCCBTC"
2018-01-16 07:00:00,0.165377,0.16829,0.16166,0.167,4170.101,2018-01-16 10:59:59,689.63850046,10024,2098.107,347.06734514,"BCCBTC"
2018-01-16 11:00:00,0.16721,0.170901,0.162995,0.165481,2761.103,2018-01-16 14:59:59,459.73487978,7801,1431.465,238.40818956,"BCCBTC"
2018-01-16 15:00:00,0.165481,0.167283,0.15094,0.155122,6062.325,2018-01-16 18:59:59,955.26564197,15544,2917.849,459.97523352,"BCCBTC"
2018-01-16 19:00:00,0.15512,0.16175,0.153998,0.155,3728.521,2018-01-16 22:59:59,587.95496343,12640,1896.244,299.28255938,"BCCBTC"
2018-01-16 23:00:00,0.155,0.167,0.153572,0.165769,4399.557,2018-01-17 02:59:59,700.1082796,16583,2353.812,373.51115726,"BCCBTC"
2018-01-17 03:00:00,0.165764,0.166773,0.156512,0.158599,3237.867,2018-01-17 06:59:59,519.43353656,8993,1460.82,234.39432451,"BCCBTC"
2018-01-17 07:00:00,0.1586,0.16131,0.145126,0.149963,3717.812,2018-01-17 10:59:59,564.82925531,10432,1565.381,238.28873968,"BCCBTC"
2018-01-17 11:00:00,0.14966,0.1565,0.135454,0.150088,4266.662,2018-01-17 14:59:59,640.73442037,9745,1904.687,289.04884229,"BCCBTC"
2018-01-17 15:00:00,0.150097,0.158882,0.13369,0.157019,6341.222,2018-01-17 18:59:59,962.40761769,17225,2976.866,456.063057,"BCCBTC"
2018-01-17 19:00:00,0.157022,0.158878,0.152798,0.158,3200.849,2018-01-17 22:59:59,500.33933657,10227,1700.062,265.92831891,"BCCBTC"
2018-01-17 23:00:00,0.157999,0.164,0.15663,0.160684,3324.809,2018-01-18 02:59:59,534.5181125,11479,1567.51,252.27101331,"BCCBTC"
2018-01-18 03:00:00,0.160684,0.160999,0.1501,0.156434,2551.67,2018-01-18 06:59:59,402.44419112,7640,1173.448,185.35609339,"BCCBTC"
2018-01-18 07:00:00,0.156437,0.159295,0.155475,0.157001,2964.069,2018-01-18 10:59:59,465.86804417,8873,1325.663,208.5123792,"BCCBTC"
2018-01-18 11:00:00,0.157001,0.160047,0.156695,0.157868,2173.078,2018-01-18 14:59:59,343.59013899,7622,1139.167,180.14196619,"BCCBTC"
2018-01-18 15:00:00,0.157868,0.158281,0.152983,0.153201,2001.543,2018-01-18 18:59:59,312.07823259,6184,864.647,135.08465902,"BCCBTC"
2018-01-18 19:00:00,0.153325,0.163,0.152983,0.157534,2465.986,2018-01-18 22:59:59,390.19662728,10117,1263.116,200.04436295,"BCCBTC"
2018-01-18 23:00:00,0.157534,0.1588,0.155963,0.156849,1943.792,2018-01-19 02:59:59,305.26195283,4382,939.19,147.53617821,"BCCBTC"
2018-01-19 03:00:00,0.156558,0.156948,0.155449,0.155951,1191.156,2018-01-19 06:59:59,185.93661195,3950,472.417,73.82315546,"BCCBTC"
2018-01-19 07:00:00,0.155999,0.1565,0.154001,0.154401,1602.957,2018-01-19 10:59:59,248.81917228,4394,716.445,111.33381727,"BCCBTC"
2018-01-19 11:00:00,0.154401,0.156221,0.1536,0.155821,1390.295,2018-01-19 14:59:59,215.09197869,5437,739.125,114.46556032,"BCCBTC"
2018-01-19 15:00:00,0.155821,0.155984,0.153283,0.153441,813.398,2018-01-19 18:59:59,125.47300038,4540,365.868,56.49478175,"BCCBTC"
2018-01-19 19:00:00,0.153322,0.154199,0.152009,0.15371,1107.198,2018-01-19 22:59:59,169.60473871,5028,593.515,90.96807408,"BCCBTC"
2018-01-19 23:00:00,0.153668,0.156219,0.148682,0.150528,2635.22,2018-01-20 02:59:59,396.99041685,8481,1116.34,168.30620015,"BCCBTC"
2018-01-20 03:00:00,0.150342,0.151499,0.149411,0.151399,1356.378,2018-01-20 06:59:59,203.96013682,3559,805.696,121.23346622,"BCCBTC"
2018-01-20 07:00:00,0.15122,0.15122,0.12,0.1492,3254.203,2018-01-20 10:59:59,464.83290815,5174,986.268,147.24254882,"BCCBTC"
2018-01-20 11:00:00,0.149101,0.166,0.147859,0.16239,4492.892,2018-01-20 14:59:59,709.64317406,16082,2263.549,356.2570412,"BCCBTC"
2018-01-20 15:00:00,0.1623,0.164243,0.157204,0.158771,2435.982,2018-01-20 18:59:59,390.10966537,6930,1347.274,215.62543887,"BCCBTC"
2018-01-20 19:00:00,0.158767,0.1588,0.151,0.152141,1776.442,2018-01-20 22:59:59,276.20592167,6240,945.124,147.14661953,"BCCBTC"
2018-01-20 23:00:00,0.151627,0.155106,0.149708,0.150744,1766.426,2018-01-21 02:59:59,269.78463108,5748,904.891,138.30775872,"BCCBTC"
2018-01-21 03:00:00,0.150743,0.1542,0.150004,0.152952,1073.158,2018-01-21 06:59:59,162.85011513,3855,590.307,89.61144524,"BCCBTC"
2018-01-21 07:00:00,0.152952,0.154188,0.151356,0.152095,1205.43,2018-01-21 10:59:59,183.78217424,4689,729.658,111.26542457,"BCCBTC"
2018-01-21 11:00:00,0.152089,0.15563,0.151083,0.154822,1360.871,2018-01-21 14:59:59,209.80359311,5355,689.265,106.24838094,"BCCBTC"
2018-01-21 15:00:00,0.154656,0.155454,0.152702,0.15338,919.618,2018-01-21 18:59:59,141.31143388,2939,537.342,82.63861751,"BCCBTC"
2018-01-21 19:00:00,0.153997,0.155006,0.152003,0.152567,959.218,2018-01-21 22:59:59,147.25916305,3468,468.575,72.01211191,"BCCBTC"
2018-01-21 23:00:00,0.152567,0.153185,0.150281,0.1512,1073.411,2018-01-22 02:59:59,163.04707576,3080,515.541,78.36169857,"BCCBTC"
2018-01-22 03:00:00,0.151697,0.151704,0.149764,0.150541,1041.994,2018-01-22 06:59:59,156.94678916,3505,546.322,82.34770602,"BCCBTC"
2018-01-22 07:00:00,0.150128,0.150784,0.148,0.14991,1035.284,2018-01-22 10:59:59,154.78419096,3213,474.152,70.9566434,"BCCBTC"
